{"cameraMode":{"drawMode":0,"name":"Shaded","section":"Shading Mode"},"sceneLighting":false,"audioPlay":false,"sceneViewState":{"m_AlwaysRefresh":false,"showFog":true,"showSkybox":false,"showFlares":true,"showImageEffects":true,"showParticleSystems":true,"showVisualEffectGraphs":true,"m_FxEnabled":true},"in2DMode":false,"pivot":{"x":-0.5041427612304688,"y":0.30722469091415408,"z":1.7132680416107178},"rotation":{"x":-0.35281598567962649,"y":0.012067806906998158,"z":-0.004550300072878599,"w":-0.9356059432029724},"size":1.788058876991272,"orthographic":false}