{"cameraMode":{"drawMode":0,"name":"Shaded","section":"Shading Mode"},"sceneLighting":true,"audioPlay":false,"sceneViewState":{"m_AlwaysRefresh":false,"showFog":true,"showSkybox":true,"showFlares":true,"showImageEffects":true,"showParticleSystems":true,"showVisualEffectGraphs":true,"m_FxEnabled":true},"in2DMode":false,"pivot":{"x":-96.87162017822266,"y":-188.6699676513672,"z":-1073.6785888671875},"rotation":{"x":0.003958878107368946,"y":-0.9952139258384705,"z":0.08711116760969162,"w":0.044784486293792728},"size":552.2596435546875,"orthographic":false}