{"cameraMode":{"drawMode":0,"name":"Shaded","section":"Shading Mode"},"sceneLighting":true,"audioPlay":false,"sceneViewState":{"m_AlwaysRefresh":false,"showFog":true,"showSkybox":true,"showFlares":true,"showImageEffects":true,"showParticleSystems":true,"showVisualEffectGraphs":true,"m_FxEnabled":true},"in2DMode":false,"pivot":{"x":-0.06758526712656021,"y":1.3978867530822755,"z":0.022520886734128},"rotation":{"x":-0.24522888660430909,"y":-0.020068561658263208,"z":0.005077982787042856,"w":-0.9692460298538208},"size":0.0045915632508695129,"orthographic":false}