{"cameraMode":{"drawMode":0,"name":"Shaded","section":"Shading Mode"},"sceneLighting":true,"audioPlay":false,"sceneViewState":{"m_AlwaysRefresh":false,"showFog":true,"showSkybox":true,"showFlares":true,"showImageEffects":true,"showParticleSystems":true,"showVisualEffectGraphs":true,"m_FxEnabled":true},"in2DMode":false,"pivot":{"x":0.500767707824707,"y":0.025698615238070489,"z":1.0615978240966797},"rotation":{"x":0.361806184053421,"y":0.003628242528066039,"z":-0.0014579944545403123,"w":0.9322851896286011},"size":1.8168073892593384,"orthographic":true}