{"cameraMode":{"drawMode":0,"name":"Shaded","section":"Shading Mode"},"sceneLighting":false,"audioPlay":false,"sceneViewState":{"m_AlwaysRefresh":false,"showFog":true,"showSkybox":false,"showFlares":true,"showImageEffects":true,"showParticleSystems":true,"showVisualEffectGraphs":true,"m_FxEnabled":true},"in2DMode":false,"pivot":{"x":-0.8438901305198669,"y":0.2449999749660492,"z":0.026187364012002946},"rotation":{"x":-0.35281598567962649,"y":0.012067806906998158,"z":-0.004550300072878599,"w":-0.9356059432029724},"size":0.22649642825126649,"orthographic":false}